code_insee,nom_commune,code_departement,population
02033,Aubigny-en-Laonnois,02,101
02038,Les Autels,02,63
02047,Barenton-Cel,02,108
02068,Berlancourt,02,81
02117,Bray-Saint-Christophe,02,65
02129,Bruys,02,19
02132,Bucy-lès-Cerny,02,188
02214,Contescourt,02,61
02244,Crupilly,02,64
02278,Éparcy,02,34
02354,Grandrieux,02,80
02377,Haution,02,130
02435,Logny-lès-Aubenton,02,83
02467,Marizy-Saint-Mard,02,49
02499,Montbavin,02,40
02510,Monthurel,02,137
02516,Montigny-sous-Marle,02,70
02522,Mont-Saint-Jean,02,81
02609,Ployart-et-Vaurseine,02,23
02622,Priez,02,58
02632,Quincy-Basse,02,54
02652,Rogny,02,100
02654,Romery,02,83
02685,Saint-Nicolas-aux-Bois,02,116
02696,Saint-Thomas,02,72
02735,Tannières,02,16
02744,Torcy-en-Valois,02,77
02817,Ville-Savoye,02,83
02823,Voharies,02,76
03009,Aubigny,03,146
03114,La Ferté-Hauterive,03,260
03143,Lételon,03,91
03191,Murat,03,267
03302,Veauce,03,39
04021,Barras,04,142
04085,Faucon-du-Caire,04,62
04107,Majastres,04,5
04137,Nibles,04,54
04159,Redortiers,04,89
04177,Hautes-Duyes,04,50
05066,La Haute-Beaume,05,7
05082,Mont-Dauphin,05,169
05089,Montrond,05,89
05094,Nossage-et-Bénévent,05,11
05099,Oze,05,103
06124,Saint-Léger,06,57
07137,Lavillatte,07,43
07209,Saint-Andéol-de-Fourchades,07,53
08014,Annelles,08,130
08031,Aure,08,38
08106,Charnois,08,72
08155,Étalle,08,96
08165,Faux,08,63
08167,La Férée,08,70
08201,Gruyères,08,104
08215,Harricourt,08,45
08259,Longwé,08,66
08279,Mars-sous-Bourcq,08,62
08286,Ménil-Annelles,08,102
08288,Mesmont,08,91
08295,Mondigny,08,193
08304,Montigny-sur-Meuse,08,77
08306,Mont-Laurent,08,51
08317,La Neuville-à-Maire,08,111
08332,Oches,08,34
08397,Saint-Remy-le-Petit,08,55
08430,Stonne,08,39
08433,Suzanne,08,56
08446,Thénorgues,08,85
08463,Vaux-en-Dieulet,08,54
08471,Verrières,08,33
08481,Villers-sur-Bar,08,240
08489,Voncq,08,211
08501,Williers,08,40
09006,Alliat,09,56
09064,Bouan,09,41
09072,Calzan,09,45
09133,Génat,09,24
09146,Justiniac,09,58
09195,Monesple,09,26
09201,Montégut-en-Couserans,09,73
09218,Orgeix,09,101
09242,Raissac,09,49
09256,Saint-Bauzeil,09,57
09260,Sainte-Foi,09,30
09266,Saint-Julien-de-Gras-Capou,09,83
09279,Salsein,09,46
09304,Suzan,09,24
10007,Arconville,10,107
10010,Arrembécourt,10,47
10026,Bailly-le-Franc,10,36
10044,Bétignicourt,10,33
10047,Blignicourt,10,43
10071,Chacenay,10,52
10072,La Chaise,10,32
10134,Échemines,10,84
10160,Fravaux,10,36
10163,Fuligny,10,40
10183,Juvanzé,10,35
10273,Ortillon,10,22
10294,Poligny,10,58
10303,Précy-Notre-Dame,10,68
10346,Saint-Léger-sous-Margerie,10,52
10354,Saint-Nabord-sur-Aube,10,140
10364,Saint-Usage,10,69
10389,Unienville,10,108
10403,Vernonvilliers,10,57
10411,Ville-aux-Bois,10,28
11029,Belcastel-et-Buc,11,60
11073,Cassaignes,11,59
11082,Caunette-sur-Lauquet,11,11
11094,Clermont-sur-Lauquet,11,30
11100,Corbières,11,36
11114,Cumiès,11,43
11134,Fajac-la-Relenque,11,51
11147,Fontanès-de-Sault,11,5
11149,Fonters-du-Razès,11,74
11160,Galinagues,11,31
11166,Gourvieille,11,69
11204,Lignairolles,11,34
11231,Mézerville,11,97
11247,Monthaut,11,37
11291,Plavilla,11,142
11294,Pomy,11,51
11350,Saint-Just-et-le-Bézu,11,50
11374,Salza,11,28
11391,La Tourette-Cabardès,11,22
11402,Valmigère,11,27
11419,Villautou,11,66
12175,Ols-et-Rinhodes,12,168
12275,Tauriac-de-Camarès,12,35
13055,Marseille,13,877215
13090,Saint-Antonin-sur-Bayon,13,125
14019,Arganchy,14,216
14238,Englesqueville-en-Auge,14,113
14285,Le Fournet,14,76
14337,La Houblonnière,14,325
14369,Litteau,14,276
14412,Le Mesnil-au-Grain,14,74
14439,Monfréville,14,96
14448,Montreuil-en-Auge,14,65
14473,Notre-Dame-de-Livaye,14,107
14496,Périgny,14,57
14511,Pont-Bellanger,14,64
14512,Pontécoulant,14,71
14622,Saint-Martin-de-Blagny,14,120
14666,Sannerville,14,1884
15060,Deux-Verges,15,53
15065,Espinasse,15,79
15125,Mentières,15,124
15198,Sainte-Marie,15,103
15234,Teissières-lès-Bouliès,15,339
15245,Vabres,15,251
15247,Valjouze,15,24
16365,Sauvignac,16,98
17343,Saint-Grégoire-d'Ardennes,17,144
18071,Contres,18,34
18152,Montlouis,18,110
18202,Saint-Céols,18,13
18244,Saugy,18,78
18250,Serruelles,18,67
19009,Les Angles-sur-Corrèze,19,126
19083,Feyt,19,112
19108,Laroche-près-Feyt,19,79
19137,Meyrignac-l'Église,19,63
19205,Saint-Geniez-ô-Merle,19,91
19206,Saint-Germain-Lavolps,19,101
19210,Saint-Hilaire-Luc,19,65
19232,Saint-Pardoux-le-Neuf,19,81
19268,Toy-Viam,19,35
21018,Arcey,21,52
21097,Boussey,21,34
21118,Busserotte-et-Montenaille,21,33
21119,Bussières,21,44
21129,Chambain,21,28
21136,Champagny,21,27
21141,Champrenault,21,37
21144,Charencey,21,37
21161,Chaumont-le-Bois,21,79
21168,Chevannay,21,35
21184,Colombier,21,66
21197,Corpoyer-la-Chapelle,21,37
21235,Duesme,21,46
21250,Essarois,21,84
21262,Faverolles-lès-Lucey,21,29
21264,Le Fête,21,45
21311,Grosbois-lès-Tichey,21,69
21312,Gurgy-la-Ville,21,26
21324,Jeux-lès-Bard,21,53
21350,Lignerolles,21,57
21359,Lucey,21,56
21393,Massingy,21,172
21400,Le Meix,21,43
21436,Montmain,21,139
21438,Montmoyen,21,72
21463,Normier,21,64
21470,Origny,21,53
21484,Planay,21,62
21516,Quincerot,21,78
21539,Saint-Anthot,21,63
21552,Saint-Hélier,21,36
21588,Saussey,21,72
21602,Semond,21,31
21612,Souhey,21,83
21627,Thenissey,21,91
21649,Uncey-le-Franc,21,49
21660,Veilly,21,56
21672,Vesvres,21,29
21693,Villedieu,21,70
23009,Auge,23,92
23034,Brousse,23,31
24347,Rampieux,24,139
24502,Saint-Séverin-d'Estissac,24,91
24535,Simeyrols,24,256
24546,Temple-Laguyon,24,35
25007,Adam-lès-Vercel,25,103
25045,Battenans-les-Mines,25,42
25065,Blarians,25,55
25072,Bonnal,25,19
25093,Bretigney,25,76
25094,Bretigney-Notre-Dame,25,119
25102,Burnevillers,25,48
25113,Chamesey,25,139
25130,Châteauvieux-les-Fossés,25,9
25161,Consolation-Maisonnettes,25,24
25163,Corcelle-Mieslot,25,94
25171,Courcelles,25,105
25189,Dammartin-les-Templiers,25,207
25249,Fontenotte,25,63
25344,Longevelle-lès-Russey,25,40
25366,Mancenans-Lizerne,25,184
25384,Mondon,25,79
25401,Montivernage,25,28
25421,Narbief,25,99
25433,Orgeans-Blanchefontaine,25,40
25436,Orve,25,58
25492,Rillans,25,96
25498,Rognon,25,47
25501,Rondefontaine,25,38
25522,Saint-Julien-lès-Russey,25,182
25554,Surmont,25,123
25556,Tallans,25,47
25570,Tressandans,25,28
25573,Urtière,25,16
25579,Val-de-Roulans,25,197
25582,Valleroy,25,144
26007,Ambonil,26,102
26012,Arnayon,26,23
26018,Aulan,26,8
26021,Autichamp,26,152
26030,La Bâtie-des-Fonds,26,4
26036,Beaumont-en-Diois,26,102
26050,Bésignan,26,79
26076,Charens,26,31
26090,La Chaudière,26,31
26098,Cobonne,26,168
26101,Comps,26,137
26128,Eygluy-Escoulin,26,60
26130,Eyroles,26,22
26133,Fay-le-Clos,26,180
26190,Montaulieu,26,88
26214,Mornans,26,79
26227,Pelonne,26,25
26228,Pennes-le-Sec,26,22
26245,Pommerol,26,7
26267,Rioms,26,25
26296,Saint-Benoit-en-Diois,26,34
26359,Vachères-en-Quint,26,35
26363,Valouse,26,41
26378,Volvent,26,36
27048,Beauficel-en-Lyons,27,207
27173,Corneville-la-Fouquetière,27,123
27241,Feuguerolles,27,169
27319,La Haye-de-Routot,27,286
27395,Mélicourt,27,92
27459,Les Places,27,74
27460,Plainville,27,206
27521,Saint-Christophe-sur-Avre,27,141
27535,Saint-Élier,27,404
27610,Saint-Victor-sur-Avre,27,56
27659,La Trinité,27,128
27671,Vannecrocq,27,163
28242,Méréglise,28,106
28346,Saint-Lubin-de-Cravant,28,55
28414,Villebon,28,56
29083,Île-de-Sein,29,280
29084,Île-Molène,29,166
2A011,Altagène,2A,54
2A014,Ambiegna,2A,79
2A064,Cardo-Torgia,2A,29
2A117,Forciolo,2A,90
2A240,Poggiolo,2A,107
2A253,Quasquara,2A,61
2A358,Zévaco,2A,51
2B003,Aiti,2B,29
2B013,Alzi,2B,27
2B053,Campi,2B,19
2B063,Carcheto-Brustico,2B,57
2B067,Carpineto,2B,37
2B069,Casabianca,2B,121
2B081,Castiglione,2B,41
2B102,Crocicchia,2B,81
2B105,Erbajolo,2B,92
2B164,Monacia-d'Orezza,2B,24
2B171,Muracciole,2B,34
2B176,Nocario,2B,75
2B202,Parata,2B,25
2B206,Penta-Acquatella,2B,40
2B208,Perelli,2B,109
2B214,Piano,2B,18
2B216,Piazzali,2B,19
2B221,Piedipartino,2B,17
2B241,Poggio-Marinaccio,2B,35
2B248,Prato-di-Giovellina,2B,51
2B273,Scata,2B,42
2B289,Soveria,2B,112
2B321,Tarrano,2B,16
2B338,Valle-d'Orezza,2B,26
2B339,Vallica,2B,28
2B344,Verdèse,2B,43
30074,Causse-Bégon,30,25
30208,Puechredon,30,48
30246,Sainte-Croix-de-Caderle,30,103
31019,Artigue,31,32
31039,Bachas,31,89
31040,Bachos,31,33
31064,Benque-Dessous-et-Dessus,31,29
31072,Boissède,31,68
31096,Cabanac-Séguenville,31,187
31125,Cathervielle,31,32
31168,Eoux,31,131
31172,Esparron,31,42
31180,Falga,31,148
31312,Mailholas,31,35
31353,Monès,31,88
31370,Montégut-Bourjac,31,128
31378,Montgaillard-sur-Save,31,67
31386,Montoulieu-Saint-Bernard,31,223
31400,Nogaret,31,98
31414,Peyrissas,31,83
31440,Proupiary,31,64
31477,Saint-Élix-Séglan,31,47
31479,Saint-Ferréol-de-Comminges,31,60
31493,Saint-Lary-Boujean,31,127
31514,Saint-Rome,31,58
31528,Saman,31,145
31537,Savarthès,31,195
31559,Trébons-de-Luchon,31,8
31590,Binos,31,42
32003,Antras,32,41
32004,Arblade-le-Bas,32,131
32021,Avensac,32,73
32051,Bézéril,32,106
32055,Bivès,32,119
32056,Blanquefort,32,43
32092,Catonvielle,32,105
32145,Gée-Rivière,32,44
32148,Giscaro,32,91
32214,Loubédat,32,111
32223,Magnas,32,58
32240,Mascaras,32,59
32265,Monclar-sur-Losse,32,111
32275,Monpardiac,32,38
32278,Montaut,32,123
32318,Pis,32,95
32322,Pompiac,32,207
32337,Puységur,32,73
32349,Roquelaure-Saint-Aubin,32,95
32350,Roquepine,32,36
32357,Sainte-Anne,32,125
32364,Saint-Avit-Frandat,32,97
32366,Saint-Brès,32,71
32393,Saint-Maur,32,136
32407,Saint-Soulan,32,155
32420,Sauvimont,32,66
32422,Scieurac-et-Flourès,32,42
32435,Sirac,32,162
32453,Tourrenquets,32,103
32456,Tudelle,32,56
32468,Aussos,32,64
33064,Bossugan,33,45
33149,Daubèze,33,147
33158,Les Esseintes,33,245
33180,Gans,33,202
33420,Saint-Hippolyte,33,124
33432,Saint-Loubert,33,230
34072,Celles,34,25
34099,Ferrières-les-Verreries,34,46
34133,Lavalette,34,55
34156,Mérifons,34,57
34171,Montoulieu,34,183
34338,Villeneuvette,34,66
36167,Preuilly-la-Ville,36,151
38036,Beauvoir-en-Royans,38,96
38066,Chalon,38,169
38286,Oulles,38,16
39003,Abergement-le-Petit,39,48
39054,Biefmorin,39,91
39060,Bois-de-Gand,39,60
39066,Bornay,39,182
39077,Bretenières,39,44
39091,Les Chalesmes,39,83
39100,Champrougier,39,98
39136,Chemenot,39,33
39139,Chêne-Bernard,39,80
39143,Chevrotaine,39,33
39168,Courbette,39,46
39221,La Favière,39,32
39236,Francheville,39,40
39249,Germigney,39,77
39259,Grange-de-Vaivre,39,45
39268,Ivrey,39,62
39324,Mérona,39,8
39336,Molain,39,110
39359,Montmarlon,39,33
39372,Mournans-Charbonny,39,82
39419,Pillemoine,39,62
39425,Les Planches-près-Arbois,39,86
39428,Plénisette,39,21
39454,Recanoz,39,94
39455,Reithouse,39,53
39457,Les Repôts,39,55
39507,Séligney,39,78
39511,Sergenaux,39,64
39512,Sergenon,39,57
39518,Songeson,39,72
39571,Villers-Robert,39,240
39586,Aresches,39,27
40041,Beyries,40,123
40079,Cazalis,40,139
40176,Mauvezin-d'Armagnac,40,99
41034,Chambord,41,99
41121,La Madeleine-Villefrouin,41,32
41178,Le Plessis-l'Échelle,41,58
41195,Rougeou,41,151
42025,Boyer,42,196
43060,Charraix,43,67
43068,Chazelles,43,32
43083,Cubelles,43,153
45262,Rouvray-Sainte-Croix,45,136
46244,Sabadel-Latronquière,46,93
47050,Cassignas,47,128
47139,Lasserre,47,98
48048,Cheylard-l'Évêque,48,64
48054,Cubiérettes,48,45
48106,Noalhac,48,95
48138,Saint-Bonnet-de-Chirac,48,72
49126,Orée d'Anjou,49,16975
50039,Beaucoudray,50,136
50229,Hamelin,50,109
50275,Les Loges-sur-Brécey,50,117
50317,Le Mesnil-Ozenne,50,269
50324,Le Mesnil-Véneron,50,108
50334,Montabot,50,272
50353,Le Mont-Saint-Michel,50,23
50398,Le Perron,50,193
50399,Le Petit-Celland,50,175
50422,Raids,50,208
50495,Saint-Jean-du-Corail-des-Bois,50,75
50521,Saint-Maur-des-Bois,50,157
51012,Anthenay,51,71
51020,Aubilly,51,51
51034,Bannay,51,23
51095,Le Buisson,51,84
51126,La Chapelle-Felcourt,51,45
51128,La Chapelle-sous-Orbais,51,57
51138,Châtrices,51,36
51143,Le Chemin,51,62
51146,Cheniers,51,120
51170,Corfélix,51,109
51190,Courtagnon,51,74
51222,Éclaires,51,86
51226,Écury-le-Repos,51,62
51296,Humbauville,51,75
51317,Laval-sur-Tourbe,51,49
51319,Lenharrée,51,109
51321,Lhéry,51,89
51322,Lignon,51,119
51325,Lisse-en-Champagne,51,107
51353,Marsangis,51,46
51364,Méry-Prémecy,51,67
51371,Moivre,51,54
51412,Ognes,51,60
51438,Poix,51,71
51470,Rouvroy-Ripont,51,3
51495,Saint-Loup,51,75
51497,Saint-Lumier-la-Populeuse,51,41
51528,Scrupt,51,124
51565,Thaas,51,102
51578,Trécon,51,87
52004,Aingoulaincourt,52,11
52012,Annonville,52,29
52025,Audeloncourt,52,80
52028,Aulnoy-sur-Aube,52,58
52051,Bize,52,80
52057,Blumeray,52,100
52066,Brachay,52,62
52085,Buxières-lès-Clefmont,52,26
52091,Cerisières,52,85
52097,Chambroncourt,52,48
52109,Charmes-en-l'Angle,52,6
52133,Clinchamp,52,71
52149,Courcelles-sur-Blaise,52,87
52157,Curmont,52,12
52159,Cuves,52,25
52160,Daillancourt,52,61
52161,Daillecourt,52,72
52168,Dinteville,52,66
52173,Domremy-Landéville,52,75
52174,Doncourt-sur-Meuse,52,39
52179,Doulevant-le-Petit,52,16
52183,Ecot-la-Combe,52,39
52207,Frécourt,52,88
52214,La Genevroye,52,29
52217,Germainvilliers,52,84
52218,Germay,52,49
52219,Germisay,52,17
52222,Gillaumé,52,31
52223,Gilley,52,67
52234,Hâcourt,52,41
52249,Isômes,52,147
52266,Laneuville-à-Rémy,52,66
52284,Leschères-sur-le-Blaiseron,52,88
52291,Longchamp,52,59
52301,Maisoncelles,52,58
52304,Malaincourt-sur-Meuse,52,49
52328,Montcharvot,52,40
52337,Montreuil-sur-Thonnance,52,65
52342,Morionvilliers,52,25
52344,Mouilleron,52,30
52363,Orbigny-au-Val,52,96
52369,Orquevaux,52,69
52378,Paroy-sur-Saulx,52,44
52385,Perrusse,52,29
52437,Rouelles,52,25
52463,Saudron,52,42
52468,Semilly,52,99
52489,Thol-lès-Millières,52,30
52491,Thonnance-les-Moulins,52,107
52503,Valleroy,52,24
52505,Vaudrecourt,52,32
52507,Vauxbons,52,53
52511,Vaux-sur-Saint-Urbain,52,56
52523,Vignes-la-Côte,52,66
52540,Vitry-en-Montagne,52,29
52542,Vivey,52,51
52546,Voncourt,52,17
52548,Vraincourt,52,84
52549,Vroncourt-la-Côte,52,27
54050,Bathelémont,54,69
54056,Bazailles,54,148
54057,Beaumont,54,69
54058,Béchamps,54,82
54078,Blémerey,54,54
54095,Bratte,54,47
54106,Bures,54,65
54132,Clérey-sur-Brenon,54,57
54142,Crantenoy,54,147
54153,Dampvitoux,54,57
54166,Dommartin-la-Chaussée,54,27
54180,Erbéviller-sur-Amezule,54,68
54216,Froville,54,121
54217,Gélacourt,54,184
54219,Gellenoncourt,54,82
54233,Gondrexon,54,32
54245,Haigneville,54,59
54310,Leménil-Mitry,54,2
54398,Neuviller-lès-Badonviller,54,92
54419,Parux,54,72
54438,Pulney,54,55
54446,Réchicourt-la-Petite,54,63
54447,Réclonville,54,70
54452,Reillon,54,73
54480,Saint-Martin,54,54
54487,Saint-Rémy-aux-Bois,54,65
54497,Saxon-Sion,54,66
54508,Sivry,54,239
54524,Thumeréville,54,97
54530,Tramont-Lassus,54,91
54531,Tramont-Saint-André,54,62
54556,Vého,54,111
54576,Villers-le-Rond,54,116
54600,Xousse,54,113
55005,Amanty,55,35
55022,Avioth,55,120
55023,Avocourt,55,121
55032,Baudrémont,55,41
55033,Baulny,55,20
55044,Belrain,55,38
55046,Beney-en-Woëvre,55,136
55057,Boinville-en-Woëvre,55,77
55062,Bouconville-sur-Madt,55,100
55081,Brizeaux,55,62
55095,Cesse,55,113
55103,Charpentry,55,23
55107,Chaumont-devant-Damvillers,55,46
55127,Courcelles-en-Barrois,55,51
55128,Courcelles-sur-Aire,55,42
55137,Cuisy,55,48
55140,Cunel,55,22
55141,Dagonville,55,86
55160,Dompierre-aux-Bois,55,37
55162,Domremy-la-Canne,55,28
55173,Épiez-sur-Meuse,55,38
55174,Épinonville,55,69
55194,Foucaucourt-sur-Thabas,55,61
55207,Géry,55,54
55210,Gimécourt,55,38
55220,Grimaucourt-près-Sampigny,55,93
55222,Gussainville,55,34
55260,Julvécourt,55,59
55261,Juvigny-en-Perthois,55,134
55270,Lahayville,55,29
55280,Lanhères,55,55
55295,Lisle-en-Barrois,55,28
55315,Mandres-en-Barrois,55,112
55330,Méligny-le-Grand,55,89
55331,Méligny-le-Petit,55,74
55344,Montbras,55,21
55350,Montigny-lès-Vaucouleurs,55,77
55356,Moranville,55,103
55363,Moulotte,55,87
55394,Ornes,55,8
55395,Osches,55,59
55422,Regnéville-sur-Meuse,55,50
55431,Richecourt,55,56
55465,Saint-Remy-la-Calonne,55,99
55475,Sauvoy,55,70
55485,Sepvigny,55,74
55534,Vaudeville-le-Haut,55,49
55560,Villers-aux-Vents,55,127
55565,Villers-sous-Pareid,55,74
55570,Villotte-sur-Aire,55,212
55572,Vittarville,55,91
55579,Watronville,55,102
59147,Choisies,59,44
59171,Dehéries,59,42
59240,Floursies,59,127
60354,Laverrière,60,28
60502,Le Plessis-Patte-d'Oie,60,107
60571,Saint-Deniscourt,60,80
60602,Saint-Valery,60,54
61012,Auguaise,61,197
61030,La Bazoque,61,272
61049,Boissei-la-Lande,61,109
61056,Le Bouillon,61,167
61082,Le Chalange,61,84
61085,Le Champ-de-la-Pierre,61,29
61104,La Chaux,61,53
61113,Comblot,61,61
61122,Coulmer,61,81
61170,Fleuré,61,205
61225,Lignères,61,29
61259,Le Ménil-Bérard,61,68
61272,Le Ménil-Vicomte,61,26
61295,La Motte-Fouquet,61,159
61451,Saint-Quentin-les-Chardonnets,61,317
61499,Les Ventes-de-Bourse,61,146
62102,Bécourt,62,281
62223,Chérisy,62,291
62243,Coullemont,62,116
62342,Fontaine-lès-Boulans,62,103
62358,Fresnoy-en-Gohelle,62,234
62455,Hocquinghen,62,116
62490,Lattre-Saint-Quentin,62,318
62494,Léchelle,62,45
62605,Neulette,62,22
62607,Neuville-au-Cornet,62,62
62625,Noyelles-lès-Humières,62,57
62778,Sars-le-Bois,62,79
62790,Senlis,62,161
62814,Thièvres,62,92
63087,La Chapelle-Marcousse,63,64
63176,Heume-l'Église,63,113
63359,Saint-Hilaire-les-Monges,63,84
64002,Abère,64,159
64011,Aincille,64,114
64027,Anos,64,178
64043,Argelos,64,274
64071,Athos-Aspis,64,211
64082,Auterrive,64,143
64088,Balansun,64,313
64111,Bentayou-Sérée,64,108
64162,Camou-Cihigue,64,105
64167,Carrère,64,217
64203,Doumy,64,327
64229,Gamarthe,64,127
64243,Géus-d'Arzacq,64,218
64257,Haut-de-Bosdarros,64,325
64262,Higuères-Souye,64,276
64338,Lespourcy,64,183
64346,Lombia,64,208
64355,Louvigny,64,136
64385,Miossens-Lanusse,64,281
64394,Monpezat,64,81
64401,Mont-Disse,64,81
64418,Noguères,64,125
64429,Orsanco,64,103
64434,Ossenx,64,52
64437,Ostabat-Asme,64,224
64456,Pouliacq,64,50
64465,Riupeyrous,64,238
64494,Saint-Pé-de-Léren,64,268
64539,Uhart-Mixe,64,217
64544,Urost,64,77
65013,Ansost,65,57
65015,Antin,65,94
65034,Arrodets,65,23
65038,Artigues,65,13
65052,Averan,65,86
65053,Aveux,65,41
65067,Barry,65,133
65071,Batsère,65,36
65076,Bazus-Neste,65,46
65088,Betbèze,65,46
65096,Bonnemazon,65,71
65102,Bouilh-Devant,65,22
65107,Bourréac,65,118
65110,Bugard,65,97
65118,Caharet,65,30
65132,Castéra-Lanusse,65,45
65134,Casterets,65,17
65155,Devèze,65,50
65160,Escaunets,65,117
65164,Escoubès-Pouts,65,94
65167,Espieilh,65,25
65170,Estampures,65,74
65181,Fréchou-Fréchet,65,173
65204,Gonez,65,29
65222,Hitte,65,137
65232,Jacque,65,67
65253,Lamarque-Rustaing,65,54
65261,Laran,65,46
65270,Lespouey,65,207
65275,Lies,65,74
65297,Mansan,65,40
65308,Mazerolles,65,110
65317,Mont,65,35
65321,Montignac,65,136
65325,Moumoulous,65,44
65364,Pintac,65,22
65381,Sabarros,65,33
65402,Samuran,65,26
65411,Sassis,65,72
65419,Sentous,65,77
65423,Sère-Rustaing,65,128
65426,Sinzos,65,136
65430,Soréac,65,46
65438,Talazac,65,76
65443,Thuy,65,18
65461,Vidou,65,81
66001,L'Albère,66,63
66040,Casefabre,66,43
69123,Lyon,69,520774
70010,Alaincourt,70,98
70014,Amblans-et-Velotte,70,400
70019,Andelarre,70,149
70027,Argillières,70,72
70030,Arsans,70,44
70032,Attricourt,70,47
70082,Bouhans-lès-Montbozon,70,125
70140,Châteney,70,63
70215,Errevet,70,258
70274,Grandecourt,70,48
70288,Hyet,70,119
70301,Lieffrans,70,51
70332,Marast,70,49
70389,Noiron,70,58
70394,Onay,70,62
70440,Recologne,70,32
70443,La Grande-Résie,70,89
70450,La Rochelle,70,45
70462,Saint-Ferjeux,70,79
70471,Sainte-Reine,70,22
70545,Venisey,70,134
70569,Vilory,70,68
70571,Visoncourt,70,37
71031,Berzé-le-Châtel,71,56
71179,Dompierre-sous-Sanvignes,71,77
71217,Germolles-sur-Grosne,71,130
71278,Marigny,71,164
71427,Saint-Huruge,71,52
72015,Les Aulneaux,72,107
72238,Pizieux,72,74
75056,Paris,75,2113705
76052,Bailleul-Neuville,76,221
76074,La Bellière,76,50
76083,Bertheauville,76,101
76091,Beuzeville-la-Guérard,76,236
76149,Butot,76,281
76151,Cailleville,76,247
76161,Carville-Pot-de-Fer,76,103
76168,Les Cent-Acres,76,66
76171,La Chapelle-Saint-Ouen,76,143
76180,Cleuville,76,188
76274,La Fontelaye,76,24
76306,Gonnetot,76,170
76309,Gonzeville,76,121
76393,Longmesnil,76,46
76405,Manéhouville,76,216
76428,Le Mesnil-Durdent,76,17
76505,Pommereux,76,94
76585,Saint-Gilles-de-Crétot,76,387
76703,Touffreville-sur-Eu,76,230
76710,Trémauville,76,100
76756,Yquebeuf,76,239
77036,Boisdon,77,135
77225,La Haute-Maison,77,342
78194,Dannemarie,78,226
78264,Gambaiseuil,78,65
78406,Milon-la-Chapelle,78,292
78606,Le Tartre-Gaudran,78,37
80026,Arguel,80,32
80032,Assainvillers,80,134
80038,Auchonvillers,80,124
80046,Avelesges,80,51
80132,Braches,80,205
80157,Bussy-lès-Poix,80,92
80158,Buverchy,80,45
80181,Cayeux-en-Santerre,80,123
80189,La Chavatte,80,64
80201,Coigneux,80,49
80219,Courcelles-sous-Thoix,80,66
80270,Épécamps,80,7
80297,Étréjust,80,41
80304,Fay,80,93
80311,Fignières,80,143
80325,Fontaine-lès-Cappy,80,56
80334,Fossemanant,80,101
80435,Hesbécourt,80,49
80449,Ignaucourt,80,65
80491,Longuevillette,80,70
80528,Méréaucourt,80,9
80531,Méricourt-en-Vimeu,80,104
80565,Montonvillers,80,86
80575,Mouflières,80,73
80587,Neslette,80,89
80648,Pys,80,126
80697,Saint-Acheul,80,36
80719,Sainte-Segrée,80,48
80744,Tailly,80,57
80756,Thièvres,80,57
80794,Villecourt,80,47
80797,Villers-aux-Érables,80,145
80819,Wargnies,80,78
80832,Yvrench,80,298
81006,Algans,81,213
81025,Belcastel,81,226
81071,Courris,81,80
81118,Laboulbène,81,167
81126,Lacougotte-Cadoul,81,178
81166,Milhavet,81,99
81185,Montvalen,81,243
81212,Prades,81,118
81270,Saint-Sernin-lès-Lavaur,81,166
81282,Senaux,81,37
81310,Veilhes,81,145
82015,Belbèze-en-Lomagne,82,168
82046,Coutures,82,108
82078,Labastide-de-Penne,82,126
82118,Montaïn,82,92
82128,Montfermier,82,109
83020,Le Bourguet,83,47
83147,Vérignon,83,8
84023,Buoux,84,103
84128,Sivergues,84,44
85165,L'Oie,85,1264
85212,Sainte-Florence,85,1338
88001,Les Ableuvenettes,88,67
88003,Aingeville,88,61
88008,Anglemont,88,152
88045,Beaufremont,88,88
88056,Bettoncourt,88,91
88058,Biécourt,88,91
88060,Blémerey,88,30
88062,Blevaincourt,88,91
88066,Boulaincourt,88,63
88093,Châtas,88,36
88102,Chermisey,88,86
88104,Circourt-sur-Mouzon,88,184
88119,Crainvilliers,88,180
88125,Darney-aux-Chênes,88,62
88127,Deinvillers,88,55
88149,Dommartin-lès-Vallois,88,52
88171,Fignévelle,88,50
88180,Frain,88,125
88192,Gelvécourt-et-Adompt,88,107
88199,Gignéville,88,76
88200,Gigney,88,58
88202,Gircourt-lès-Viéville,88,195
88214,Grandrupt-de-Bains,88,70
88220,Grignoncourt,88,47
88230,Hardancourt,88,35
88252,Jésonville,88,151
88265,Lemmecourt,88,24
88272,Lironcourt,88,71
88280,Madegney,88,126
88287,Marey,88,71
88307,Mont-lès-Lamarche,88,94
88336,Ollainville,88,74
88350,Pleuvezain,88,72
88374,Rapey,88,24
88381,Relanges,88,190
88407,Ruppes,88,144
88427,Saint-Menge,88,117
88456,Serocourt,88,83
88459,Soncourt,88,43
88482,Urville,88,55
88485,La Vacheresse-et-la-Rouillie,88,128
88493,Varmonzey,88,24
88505,Vienville,88,120
88509,Villoncourt,88,100
88511,Villouxel,88,86
88514,Viocourt,88,165
88522,Vomécourt-sur-Madon,88,68
88525,Vroville,88,133
88532,Zincourt,88,76
89011,Annéot,89,115
89012,Annoux,89,84
89207,Jouancy,89,28
89299,Pimelles,89,62
89417,Tissey,89,113
89422,Trichey,89,43
90007,Banvillars,90,290
90061,Lamadeleine-Val-des-Anges,90,49
90064,Lepuix-Neuf,90,315
90085,Riervescemont,90,86
90101,Vellescot,90,250
95141,Charmont,95,33
95492,Le Plessis-Gassot,95,97
95611,Theuville,95,53
97314,Ouanary,973,200
97352,Saül,973,297
97356,Camopi,973,2168
97357,Grand-Santi,973,9390
97358,Saint-Élie,973,157
97360,Apatou,973,10059
97361,Awala-Yalimapo,973,1549
97362,Papaichton,973,5530
